id,service_category_name,service_category_sequence_no,created_at,updated_at
1,PREVENTIVE TREATMENT,1,2020-08-01T10:20:00+08:00,2020-08-01T10:20:00+08:00
2,INTENSIVE TREATMENT,2,2020-08-01T10:20:00+08:00,2020-08-01T10:20:00+08:00
3,EYE CARE,3,2020-08-01T10:20:00+08:00,2020-08-01T10:20:00+08:00
4,NECK CARE,4,2020-08-01T10:20:00+08:00,2020-08-01T10:20:00+08:00
5,PERMANENT HAIR REMOVAL,6,2020-08-01T10:20:00+08:00,2020-08-01T10:20:00+08:00
6,EYEBROW EMBROIDERY,7,2020-08-01T10:20:00+08:00,2020-08-01T10:20:00+08:00
7,EYELASH EXTENSIONS,8,2020-08-01T10:20:00+08:00,2020-08-01T10:20:00+08:00
8,NAIL CARE,10,2020-08-01T10:20:00+08:00,2020-08-01T10:20:00+08:00
9,BODY TREATMENT,12,2020-08-01T10:20:00+08:00,2020-08-01T10:20:00+08:00
10,BACK TREATMENT,13,2020-08-01T10:20:00+08:00,2020-08-01T10:20:00+08:00
11,HAND CARE,14,2020-08-01T10:20:00+08:00,2020-08-01T10:20:00+08:00
12,SPA TREATMENT,15,2020-08-01T10:20:00+08:00,2020-08-01T10:20:00+08:00
13,NECK CARE ADD ON,5,2020-08-01T10:20:00+08:00,2020-08-01T10:20:00+08:00
14,EYELASH TOUCH UP,9,2020-08-01T10:20:00+08:00,2020-08-01T10:20:00+08:00
15,NAIL CARE ADD ON,11,2020-08-01T10:20:00+08:00,2020-08-01T10:20:00+08:00