1001,,2024-08-11 20:46:24+08,2024-08-11 20:46:24+08,angie.wuenqi@gmail.com,91234567
1002,,2024-02-22 19:21:07+08,2024-02-22 19:21:07+08,arkar.phyo@yahoo.com,98765432
1003,,2024-09-11 20:45:20+08,2024-09-11 20:45:20+08,aungmyothant@hotmail.com,87654321
1004,,2024-11-25 19:37:55+08,2024-11-25 19:37:55+08,austin.chuazhi.an@gmail.com,93334455
1005,,2023-07-25 11:27:41+08,2023-07-25 11:27:41+08,jesslyn.teowenwen@yahoo.com,98887766
1006,,2024-11-05 10:51:53+08,2024-11-05 10:51:53+08,minthitkhine@hotmail.com,85556677
1007,,2024-01-18 10:42:31+08,2024-01-18 10:42:31+08,mohamed.danikasim@gmail.com,92221133
1008,,2024-02-21 19:32:08+08,2024-02-21 19:32:08+08,nandar.phyokhaing@yahoo.com,84447788
1010,,2023-10-22 20:39:04+08,2023-10-22 20:39:04+08,swanyeehtet@gmail.com,89998877
1011,,2023-06-14 14:43:29+08,2023-06-14 14:43:29+08,tanyijie@yahoo.com,91112233
1012,,2024-05-13 17:39:06+08,2024-05-13 17:39:06+08,waiphyoaung@hotmail.com,98886655
1013,,2023-08-10 18:05:14+08,2023-08-10 18:05:14+08,yemyatthwin@gmail.com,97775544
1014,,2024-04-04 17:24:08+08,2024-04-04 17:24:08+08,aliyah.mohamad@yahoo.com,94443322
1015,,2024-06-01 11:36:58+08,2024-06-01 11:36:58+08,benjamin.ongyixuan@hotmail.com,96661122
1016,,2024-04-26 11:44:38+08,2024-04-26 11:44:38+08,chandrasekar@gmail.com,89991122
1017,,2024-09-14 13:56:03+08,2024-09-14 13:56:03+08,davidkohjiawei@hotmail.com,93338844
1018,,2024-07-22 11:21:25+08,2024-07-22 11:21:25+08,emiko.tanaka@yahoo.com,98882233
1019,,2023-11-04 13:50:39+08,2023-11-04 13:50:39+08,farhan.binrazali@gmail.com,95557766
1020,,2024-10-11 13:40:38+08,2024-10-11 13:40:38+08,gabriela.mendoza@yahoo.com,92226644
1021,,2024-06-16 13:13:19+08,2024-06-16 13:13:19+08,harutosato@hotmail.com,93339911
1022,,2023-09-06 17:18:48+08,2023-09-06 17:18:48+08,imran.binyusof@gmail.com,91119988
1023,,2024-08-02 19:56:02+08,2024-08-02 19:56:02+08,jasmine.leeweiling@yahoo.com,87776655
1024,,2023-05-27 20:06:31+08,2023-05-27 20:06:31+08,kairouan.abdi@hotmail.com,96663322
1025,,2023-01-25 20:14:13+08,2023-01-25 20:14:13+08,laila.nurhidayah@gmail.com,92225577
1026,,2024-10-15 12:37:42+08,2024-10-15 12:37:42+08,mohamed.hassanali@yahoo.com,91113344
1027,,2024-04-09 14:30:25+08,2024-04-09 14:30:25+08,natasha.rodriguez@gmail.com,93336611
1028,,2024-03-14 10:47:13+08,2024-03-14 10:47:13+08,oliver.kimdaehyun@hotmail.com,94445566
1029,,2023-02-04 12:30:14+08,2023-02-04 12:30:14+08,priyasuresh@yahoo.com,97776611
1030,,2024-07-06 13:36:57+08,2024-07-06 13:36:57+08,qistinabintiamir@gmail.com,96664422
1031,,2023-04-22 13:46:27+08,2023-04-22 13:46:27+08,rafael.costa@hotmail.com,98883311
1032,,2022-12-28 12:01:56+08,2022-12-28 12:01:56+08,sabrina.limjiaqi@yahoo.com,91115588
1033,,2024-01-29 19:13:17+08,2024-01-29 19:13:17+08,taariqjohnson@gmail.com,98889900
1034,,2023-03-09 19:38:01+08,2023-03-09 19:38:01+08,umar.binhamzah@yahoo.com,92229933
1035,,2023-12-10 18:55:44+08,2023-12-10 18:55:44+08,vanessa.chongmeiyi@hotmail.com,93337766
1036,,2024-11-17 20:30:10+08,2024-11-17 20:30:10+08,winnie.liangzhihui@gmail.com,91116622
1037,,2024-08-23 13:42:39+08,2024-08-23 13:42:39+08,xiaoming@hotmail.com,97779911
1038,,2024-06-28 11:59:12+08,2024-06-28 11:59:12+08,yasminfarouk@gmail.com,98881100
1039,,2024-03-21 10:01:44+08,2024-03-21 10:01:44+08,zafrul.binazman@yahoo.com,92228877
1040,,2023-06-06 10:43:07+08,2023-06-06 10:43:07+08,anika.das@hotmail.com,96668811
1041,,2023-01-06 13:01:09+08,2023-01-06 13:01:09+08,jayden.smith@gmail.com,89990011
1042,,2023-03-14 15:22:35+08,2023-03-14 15:22:35+08,keishawilliams@yahoo.com,93331100
1043,,2023-08-29 15:53:44+08,2023-08-29 15:53:44+08,mateo.garcia@hotmail.com,91118899
1044,,2023-09-19 12:45:39+08,2023-09-19 12:45:39+08,nurul.ain.zulkifli@gmail.com,94448833
1045,,2023-07-01 12:06:34+08,2023-07-01 12:06:34+08,diego.alvarez@yahoo.com,97778844
1046,,2024-10-01 14:51:33+08,2024-10-01 14:51:33+08,sofia.petrova@hotmail.com,89997766
1047,,2024-07-15 11:14:00+08,2024-07-15 11:14:00+08,thanzawaung@gmail.com,98885522
1048,,2024-12-13 11:53:10+08,2024-12-13 11:53:10+08,leilahassani@yahoo.com,96662200
1049,,2023-12-30 15:16:50+08,2023-12-30 15:16:50+08,jinwoopark@hotmail.com,92220033
1050,,2024-01-01 17:06:29+08,2024-01-01 17:06:29+08,jiriyam@gmail.com,91110088
1051,,2024-01-01 17:06:29+08,2024-01-01 17:06:29+08,sarahang@gmail.com,99880146
1052,,2024-01-01 17:06:29+08,2024-01-01 17:06:29+08,marychen@gmail.com,87250349